{
  "version": 4,
  "coordMode": "world",
  "opacity": 0.3,
  "organelles": {
    "chloroplast": {
      "x": -1294.5579531768763,
      "y": -943.2078906591448,
      "w": 2909.0621407147355,
      "h": 1448.3751562943285,
      "rot": 0
    },
    "er_smooth": {
      "x": -5422.720626315835,
      "y": -1726.453668995017,
      "w": 2170.65472594655,
      "h": 1498.9324971038895,
      "rot": 0
    },
    "glyoxysome": {
      "x": -600.3968612418788,
      "y": 3157.4279376559107,
      "w": 2091.1252924717282,
      "h": 1420.4834545003748,
      "rot": 0
    },
    "mitochondria": {
      "x": -1666.7184638634656,
      "y": 303.19298691827396,
      "w": 5044.19626284021,
      "h": 2912.2773392516647,
      "rot": 0
    }
  }
}